{"offline_id": "3419875efab5439ea3b2ed108e69e996", "project_name": "yolov5", "start_time": 1744298428884, "stop_time": 1744298433745, "tags": [], "workspace": null, "resume_strategy": "create", "customer_error_reported": true, "customer_error_message": "Unexpected error detected in the user script: UnicodeDecodeError('charmap', b\"# YOLOv5 \\xf0\\x9f\\x9a\\x80 by Ultralytics, AGPL-3.0 license\\n# COCO128 dataset https://www.kaggle.com/ultralytics/coco128 (first 128 images from COCO train2017) by Ultralytics\\n# Example usage: python train.py --data coco128.yaml\\n# parent\\n# \\xe2\\x94\\x9c\\xe2\\x94\\x80\\xe2\\x94\\x80 yolov5\\n# \\xe2\\x94\\x94\\xe2\\x94\\x80\\xe2\\x94\\x80 datasets\\n#     \\xe2\\x94\\x94\\xe2\\x94\\x80\\xe2\\x94\\x80 coco128  \\xe2\\x86\\x90 downloads here (7 MB)\\n\\n# Train/val/test sets as 1) dir: path/to/imgs, 2) file: path/to/imgs.txt, or 3) list: [path/to/imgs1, path/to/imgs2, ..]\\npath: ../TrainIA/ # dataset root dir\\ntrain: images/train/ # train images (relative to 'path') 128 images\\nval: images/val/ # val images (relative to 'path') 128 images\\ntest: # test images (optional)\\n\\n# Classes\\nnames:\\n  0: OF\\n  1: Clef\\n  2: Dose\\n  3: Nom\\n  4: HS\\n  5: Back\\n\", 291, 292, 'character maps to <undefined>')", "user_provided_experiment_key": false, "comet_start_sourced": false}