{"payload":{"installed_packages":["2captcha-python==1.5.1","absl-py==2.1.0","aiohappyeyeballs==2.4.0","aiohttp==3.10.5","aiosignal==1.3.1","altgraph==0.17.4","anyio==4.9.0","argon2-cffi==23.1.0","argon2-cffi-bindings==21.2.0","arrow==1.3.0","asttokens==3.0.0","astunparse==1.6.3","async-lru==2.0.5","attrs==24.2.0","auto-py-to-exe==2.46.0","autocommand==2.2.2","babel==2.17.0","backports.tarfile==1.2.0","bcrypt==4.2.0","beautifulsoup4==4.13.3","bleach==6.2.0","bottle==0.13.2","bottle-websocket==0.2.9","capstone==5.0.3","cattrs==24.1.2","certifi==2024.8.30","cffi==1.17.1","charset-normalizer==3.3.2","cloudpickle==3.1.1","colorama==0.4.6","colored-traceback==0.4.2","comet_ml==3.49.7","comm==0.2.2","configobj==5.0.9","contourpy==1.3.1","cryptography==43.0.1","ctkmessagebox==2.7","customtkinter==5.2.2","cv==1.0.0","cycler==0.12.1","darkdetect==0.8.0","debugpy==1.8.11","decorator==5.1.1","defusedxml==0.7.1","discord.py==2.4.0","dulwich==0.22.8","eel==0.18.1","everett==3.1.0","executing==2.1.0","fastjsonschema==2.21.1","ffmpeg==1.4","filelock==3.18.0","flatbuffers==24.12.23","fonttools==4.55.0","fqdn==1.5.1","frozenlist==1.4.1","fsspec==2025.3.2","future==1.0.0","gast==0.6.0","gevent==24.11.1","gevent-websocket==0.10.1","gitdb==4.0.12","gitpython==3.1.44","google-pasta==0.2.0","graphviz==0.20.3","greenlet==3.1.1","grpcio==1.68.1","h11==0.14.0","h5py==3.12.1","httpcore==1.0.7","httpx==0.28.1","idna==3.8","importlib_metadata==8.0.0","inflect==7.3.1","inflect==7.5.0","intervaltree==3.1.0","ipaddress==1.0.23","ipykernel==6.29.5","ipython==8.31.0","ipywidgets==8.1.5","isoduration==20.11.0","jaraco.collections==5.1.0","jaraco.context==5.3.0","jaraco.functools==4.0.1","jaraco.text==3.12.1","jax==0.5.0","jaxlib==0.5.0","jedi==0.19.2","jinja2==3.1.6","joblib==1.4.2","json5==0.10.0","jsonpointer==3.0.0","jsonschema==4.23.0","jsonschema-specifications==2024.10.1","jupyter==1.1.1","jupyter-console==6.6.3","jupyter-events==0.12.0","jupyter-lsp==2.2.5","jupyter_client==8.6.3","jupyter_core==5.7.2","jupyter_server==2.15.0","jupyter_server_terminals==0.5.3","jupyterlab==4.3.6","jupyterlab_pygments==0.3.0","jupyterlab_server==2.27.3","jupyterlab_widgets==3.0.13","keras==3.7.0","kiwisolver==1.4.7","libclang==18.1.1","lightgbm==4.6.0","llvmlite==0.44.0","mako==1.3.5","markdown==3.7","markdown-it-py==3.0.0","markupsafe==2.1.5","matplotlib==3.9.2","matplotlib-inline==0.1.7","mdurl==0.1.2","mediapipe==0.10.20","mistune==3.1.2","ml-dtypes==0.4.1","more-itertools==10.3.0","more-itertools==10.6.0","mplcursors==0.6","mplsoccer==1.4.0","mpmath==1.3.0","multidict==6.1.0","namex==0.0.8","nbclient==0.10.2","nbconvert==7.16.6","nbformat==5.10.4","nest-asyncio==1.6.0","networkx==3.4.2","notebook==7.3.3","notebook_shim==0.2.4","numba==0.61.0","numpy==1.26.4","opencv-contrib-python==4.11.0.86","opencv-python==4.11.0.86","opt_einsum==3.4.0","optree==0.13.1","overrides==7.7.0","packaging==24.1","packaging==24.2","pandas==2.2.3","pandocfilters==1.5.1","paramiko==3.5.0","parso==0.8.4","pefile==2023.2.7","pillow==10.4.0","pillow_heif==0.21.0","pip==25.0.1","platformdirs==4.2.2","platformdirs==4.3.6","plumbum==1.8.3","prometheus_client==0.21.1","prompt_toolkit==3.0.48","protobuf==4.25.6","psutil==6.0.0","pure_eval==0.2.3","pwntools==4.13.1","py-cpuinfo==9.0.0","pycparser==2.22","pyelftools==0.31","pygame==2.6.1","pygments==2.18.0","pyinstaller==6.12.0","pyinstaller-hooks-contrib==2025.1","pynacl==1.5.0","pyparsing==3.2.0","pypdf2==3.0.1","pyserial==3.5","pysocks==1.7.1","pytesseract==0.3.13","python-box==6.1.0","python-dateutil==2.9.0.post0","python-json-logger==3.3.0","pytube==15.0.0","pytz==2024.2","pywin32==306","pywin32-ctypes==0.2.3","pywinpty==2.0.15","pyyaml==6.0.2","pyzmq==26.2.0","referencing==0.36.2","requests==2.32.3","requests-cache==1.2.1","requests-toolbelt==1.0.0","rfc3339-validator==0.1.4","rfc3986-validator==0.1.1","rich==13.9.4","ropgadget==7.5","rpds-py==0.23.1","rpyc==6.0.1","scikit-learn==1.6.0","scipy==1.14.1","seaborn==0.13.2","semantic-version==2.10.0","send2trash==1.8.3","sentencepiece==0.2.0","sentry-sdk==2.25.1","setuptools==76.1.0","shap==0.47.0","simplejson==3.20.1","six==1.16.0","slicer==0.0.8","smmap==5.0.2","sniffio==1.3.1","sortedcontainers==2.4.0","sounddevice==0.5.1","soupsieve==2.6","stack-data==0.6.3","statsbombpy==1.14.0","sympy==1.13.1","tensorboard==2.18.0","tensorboard-data-server==0.7.2","tensorflow==2.18.0","tensorflow_intel==2.18.0","termcolor==2.5.0","terminado==0.18.1","thop==0.1.1-2209072238","threadpoolctl==3.5.0","tinycss2==1.4.0","tomli==2.0.1","torch==2.6.0","torchvision==0.21.0","tornado==6.4.2","tqdm==4.67.1","traitlets==5.14.3","typeguard==4.3.0","typeguard==4.4.2","types-python-dateutil==2.9.0.20241206","typing_extensions==4.12.2","typing_extensions==4.12.2","tzdata==2024.2","ultralytics==8.3.100","ultralytics-thop==2.0.14","unicorn==2.1.1","unix-ar==0.2.1","uri-template==1.3.0","url-normalize==1.4.3","urllib3==2.2.3","utils==1.0.2","wcwidth==0.2.13","webcolors==24.11.1","webencodings==0.5.1","websocket-client==1.8.0","werkzeug==3.1.3","wheel==0.43.0","wheel==0.45.1","widgetsnbextension==4.0.13","wrapt==1.17.0","wurlitzer==3.1.1","xlsxwriter==3.2.0","yarl==1.11.1","yt-dlp==2025.2.19","zipp==3.19.2","zope.event==5.0","zope.interface==7.2","zstandard==0.23.0"],"message_id":1},"type":"installed_packages"}
{"payload":{"command":["yolov5/train.py","--img","640","--batch","16","--epochs","500","--data","CustomData.yaml","--weights","yolov5s.pt","--cache"],"env":null,"hostname":"AsusAurelien","ip":"192.168.1.37","machine":"AMD64","message_id":2,"os":"Windows-11-10.0.22631-SP0","os_release":"11","os_type":"Windows","pid":18064,"processor":"Intel64 Family 6 Model 154 Stepping 3, GenuineIntel","python_exe":"c:\\Users\\aurel\\AppData\\Local\\Programs\\Python\\Python312\\python.exe","python_version":"3.12.6","python_version_verbose":"3.12.6 (tags/v3.12.6:a4a2d2b, Sep  6 2024, 20:11:23) [MSC v.1940 64 bit (AMD64)]","user":"aurel"},"type":"system_details"}
{"payload":{"local_timestamp":1744298432380,"message_id":3,"param":{"paramName":"img","paramValue":640,"source":"cli","step":null}},"type":"parameter_msg"}
{"payload":{"local_timestamp":1744298432381,"message_id":4,"param":{"paramName":"batch","paramValue":16,"source":"cli","step":null}},"type":"parameter_msg"}
{"payload":{"local_timestamp":1744298432381,"message_id":5,"param":{"paramName":"epochs","paramValue":500,"source":"cli","step":null}},"type":"parameter_msg"}
{"payload":{"local_timestamp":1744298432381,"message_id":6,"param":{"paramName":"data","paramValue":"CustomData.yaml","source":"cli","step":null}},"type":"parameter_msg"}
{"payload":{"local_timestamp":1744298432381,"message_id":7,"param":{"paramName":"weights","paramValue":"yolov5s.pt","source":"cli","step":null}},"type":"parameter_msg"}
{"payload":{"local_timestamp":1744298432381,"message_id":8,"param":{"paramName":"cache","paramValue":true,"source":"cli","step":null}},"type":"parameter_msg"}
{"payload":{"local_timestamp":1744298432382,"message_id":9,"metric":{"epoch":null,"metricName":"sys.cpu.percent.avg","metricValue":0.0,"step":null}},"type":"metric_msg"}
{"payload":{"local_timestamp":1744298432382,"message_id":10,"metric":{"epoch":null,"metricName":"sys.ram.total","metricValue":16785969152,"step":null}},"type":"metric_msg"}
{"payload":{"local_timestamp":1744298432382,"message_id":11,"metric":{"epoch":null,"metricName":"sys.ram.used","metricValue":13473259520,"step":null}},"type":"metric_msg"}
{"payload":{"local_timestamp":1744298432382,"message_id":12,"metric":{"epoch":null,"metricName":"sys.ram.available","metricValue":3312709632,"step":null}},"type":"metric_msg"}
{"payload":{"local_timestamp":1744298432382,"message_id":13,"metric":{"epoch":null,"metricName":"sys.ram.percent.used","metricValue":80.3,"step":null}},"type":"metric_msg"}
{"payload":{"local_timestamp":1744298432382,"message_id":14,"metric":{"epoch":null,"metricName":"sys.load.avg","metricValue":0.0,"step":null}},"type":"metric_msg"}
{"payload":{"key":"offline_experiment","message_id":15,"value":true},"type":"log_other"}
{"payload":{"key":"Name","message_id":16,"value":"exp"},"type":"log_other"}
{"payload":{"local_timestamp":1744298432383,"message_id":17,"output":"Traceback (most recent call last):\n","stderr":true},"type":"standard_output"}
{"payload":{"local_timestamp":1744298432383,"message_id":18,"output":"  File \"c:\\Users\\aurel\\Documents\\GitHub\\Convolutional_Neural_Network\\Yolo\\yolov5\\train.py\", line 986, in <module>\n","stderr":true},"type":"standard_output"}
{"payload":{"local_timestamp":1744298432384,"message_id":19,"output":"    ","stderr":true},"type":"standard_output"}
{"payload":{"local_timestamp":1744298432384,"message_id":20,"output":"main(opt)","stderr":true},"type":"standard_output"}
{"payload":{"local_timestamp":1744298432385,"message_id":21,"output":"\n","stderr":true},"type":"standard_output"}
{"payload":{"local_timestamp":1744298432385,"message_id":22,"output":"  File \"c:\\Users\\aurel\\Documents\\GitHub\\Convolutional_Neural_Network\\Yolo\\yolov5\\train.py\", line 688, in main\n","stderr":true},"type":"standard_output"}
{"payload":{"local_timestamp":1744298432385,"message_id":23,"output":"    ","stderr":true},"type":"standard_output"}
{"payload":{"local_timestamp":1744298432385,"message_id":24,"output":"train(opt.hyp, opt, device, callbacks)","stderr":true},"type":"standard_output"}
{"payload":{"local_timestamp":1744298432385,"message_id":25,"output":"\n","stderr":true},"type":"standard_output"}
{"payload":{"local_timestamp":1744298432386,"message_id":26,"output":"  File \"c:\\Users\\aurel\\Documents\\GitHub\\Convolutional_Neural_Network\\Yolo\\yolov5\\train.py\", line 180, in train\n","stderr":true},"type":"standard_output"}
{"payload":{"local_timestamp":1744298432386,"message_id":27,"output":"    ","stderr":true},"type":"standard_output"}
{"payload":{"local_timestamp":1744298432386,"message_id":28,"output":"loggers = Loggers(","stderr":true},"type":"standard_output"}
{"payload":{"local_timestamp":1744298432386,"message_id":29,"output":"\n","stderr":true},"type":"standard_output"}
{"payload":{"local_timestamp":1744298432386,"message_id":30,"output":" ","stderr":true},"type":"standard_output"}
{"payload":{"local_timestamp":1744298432386,"message_id":31,"output":" ","stderr":true},"type":"standard_output"}
{"payload":{"local_timestamp":1744298432386,"message_id":32,"output":" ","stderr":true},"type":"standard_output"}
{"payload":{"local_timestamp":1744298432386,"message_id":33,"output":" ","stderr":true},"type":"standard_output"}
{"payload":{"local_timestamp":1744298432386,"message_id":34,"output":" ","stderr":true},"type":"standard_output"}
{"payload":{"local_timestamp":1744298432386,"message_id":35,"output":" ","stderr":true},"type":"standard_output"}
{"payload":{"local_timestamp":1744298432386,"message_id":36,"output":" ","stderr":true},"type":"standard_output"}
{"payload":{"local_timestamp":1744298432386,"message_id":37,"output":" ","stderr":true},"type":"standard_output"}
{"payload":{"local_timestamp":1744298432386,"message_id":38,"output":" ","stderr":true},"type":"standard_output"}
{"payload":{"local_timestamp":1744298432386,"message_id":39,"output":" ","stderr":true},"type":"standard_output"}
{"payload":{"local_timestamp":1744298432386,"message_id":40,"output":" ","stderr":true},"type":"standard_output"}
{"payload":{"local_timestamp":1744298432386,"message_id":41,"output":" ","stderr":true},"type":"standard_output"}
{"payload":{"local_timestamp":1744298432386,"message_id":42,"output":" ","stderr":true},"type":"standard_output"}
{"payload":{"local_timestamp":1744298432386,"message_id":43,"output":" ","stderr":true},"type":"standard_output"}
{"payload":{"local_timestamp":1744298432386,"message_id":44,"output":"^","stderr":true},"type":"standard_output"}
{"payload":{"local_timestamp":1744298432386,"message_id":45,"output":"^","stderr":true},"type":"standard_output"}
{"payload":{"local_timestamp":1744298432386,"message_id":46,"output":"^","stderr":true},"type":"standard_output"}
{"payload":{"local_timestamp":1744298432386,"message_id":47,"output":"^","stderr":true},"type":"standard_output"}
{"payload":{"local_timestamp":1744298432386,"message_id":48,"output":"^","stderr":true},"type":"standard_output"}
{"payload":{"local_timestamp":1744298432386,"message_id":49,"output":"^","stderr":true},"type":"standard_output"}
{"payload":{"local_timestamp":1744298432386,"message_id":50,"output":"^","stderr":true},"type":"standard_output"}
{"payload":{"local_timestamp":1744298432386,"message_id":51,"output":"^","stderr":true},"type":"standard_output"}
{"payload":{"local_timestamp":1744298432386,"message_id":52,"output":"\n","stderr":true},"type":"standard_output"}
{"payload":{"local_timestamp":1744298432386,"message_id":53,"output":"  File \"c:\\Users\\aurel\\Documents\\GitHub\\Convolutional_Neural_Network\\Yolo\\yolov5\\utils\\loggers\\__init__.py\", line 153, in __init__\n","stderr":true},"type":"standard_output"}
{"payload":{"local_timestamp":1744298432387,"message_id":54,"output":"    ","stderr":true},"type":"standard_output"}
{"payload":{"local_timestamp":1744298432387,"message_id":55,"output":"self.comet_logger = CometLogger(self.opt, self.hyp)","stderr":true},"type":"standard_output"}
{"payload":{"local_timestamp":1744298432387,"message_id":56,"output":"\n","stderr":true},"type":"standard_output"}
{"payload":{"local_timestamp":1744298432387,"message_id":57,"output":" ","stderr":true},"type":"standard_output"}
{"payload":{"local_timestamp":1744298432387,"message_id":58,"output":" ","stderr":true},"type":"standard_output"}
{"payload":{"local_timestamp":1744298432387,"message_id":59,"output":" ","stderr":true},"type":"standard_output"}
{"payload":{"local_timestamp":1744298432387,"message_id":60,"output":" ","stderr":true},"type":"standard_output"}
{"payload":{"local_timestamp":1744298432387,"message_id":61,"output":" ","stderr":true},"type":"standard_output"}
{"payload":{"local_timestamp":1744298432387,"message_id":62,"output":" ","stderr":true},"type":"standard_output"}
{"payload":{"local_timestamp":1744298432387,"message_id":63,"output":" ","stderr":true},"type":"standard_output"}
{"payload":{"local_timestamp":1744298432387,"message_id":64,"output":" ","stderr":true},"type":"standard_output"}
{"payload":{"local_timestamp":1744298432387,"message_id":65,"output":" ","stderr":true},"type":"standard_output"}
{"payload":{"local_timestamp":1744298432387,"message_id":66,"output":" ","stderr":true},"type":"standard_output"}
{"payload":{"local_timestamp":1744298432387,"message_id":67,"output":" ","stderr":true},"type":"standard_output"}
{"payload":{"local_timestamp":1744298432388,"message_id":68,"output":" ","stderr":true},"type":"standard_output"}
{"payload":{"local_timestamp":1744298432388,"message_id":69,"output":" ","stderr":true},"type":"standard_output"}
{"payload":{"local_timestamp":1744298432388,"message_id":70,"output":" ","stderr":true},"type":"standard_output"}
{"payload":{"local_timestamp":1744298432388,"message_id":71,"output":" ","stderr":true},"type":"standard_output"}
{"payload":{"local_timestamp":1744298432388,"message_id":72,"output":" ","stderr":true},"type":"standard_output"}
{"payload":{"local_timestamp":1744298432388,"message_id":73,"output":" ","stderr":true},"type":"standard_output"}
{"payload":{"local_timestamp":1744298432388,"message_id":74,"output":" ","stderr":true},"type":"standard_output"}
{"payload":{"local_timestamp":1744298432388,"message_id":75,"output":" ","stderr":true},"type":"standard_output"}
{"payload":{"local_timestamp":1744298432388,"message_id":76,"output":" ","stderr":true},"type":"standard_output"}
{"payload":{"local_timestamp":1744298432388,"message_id":77,"output":" ","stderr":true},"type":"standard_output"}
{"payload":{"local_timestamp":1744298432388,"message_id":78,"output":" ","stderr":true},"type":"standard_output"}
{"payload":{"local_timestamp":1744298432388,"message_id":79,"output":" ","stderr":true},"type":"standard_output"}
{"payload":{"local_timestamp":1744298432388,"message_id":80,"output":" ","stderr":true},"type":"standard_output"}
{"payload":{"local_timestamp":1744298432388,"message_id":81,"output":"^","stderr":true},"type":"standard_output"}
{"payload":{"local_timestamp":1744298432388,"message_id":82,"output":"^","stderr":true},"type":"standard_output"}
{"payload":{"local_timestamp":1744298432388,"message_id":83,"output":"^","stderr":true},"type":"standard_output"}
{"payload":{"local_timestamp":1744298432388,"message_id":84,"output":"^","stderr":true},"type":"standard_output"}
{"payload":{"local_timestamp":1744298432388,"message_id":85,"output":"^","stderr":true},"type":"standard_output"}
{"payload":{"local_timestamp":1744298432388,"message_id":86,"output":"^","stderr":true},"type":"standard_output"}
{"payload":{"local_timestamp":1744298432388,"message_id":87,"output":"^","stderr":true},"type":"standard_output"}
{"payload":{"local_timestamp":1744298432388,"message_id":88,"output":"^","stderr":true},"type":"standard_output"}
{"payload":{"local_timestamp":1744298432390,"message_id":89,"output":"^","stderr":true},"type":"standard_output"}
{"payload":{"local_timestamp":1744298432390,"message_id":90,"output":"^","stderr":true},"type":"standard_output"}
{"payload":{"local_timestamp":1744298432390,"message_id":91,"output":"^","stderr":true},"type":"standard_output"}
{"payload":{"local_timestamp":1744298432390,"message_id":92,"output":"^","stderr":true},"type":"standard_output"}
{"payload":{"local_timestamp":1744298432390,"message_id":93,"output":"^","stderr":true},"type":"standard_output"}
{"payload":{"local_timestamp":1744298432390,"message_id":94,"output":"^","stderr":true},"type":"standard_output"}
{"payload":{"local_timestamp":1744298432390,"message_id":95,"output":"^","stderr":true},"type":"standard_output"}
{"payload":{"local_timestamp":1744298432390,"message_id":96,"output":"^","stderr":true},"type":"standard_output"}
{"payload":{"local_timestamp":1744298432390,"message_id":97,"output":"^","stderr":true},"type":"standard_output"}
{"payload":{"local_timestamp":1744298432390,"message_id":98,"output":"^","stderr":true},"type":"standard_output"}
{"payload":{"local_timestamp":1744298432390,"message_id":99,"output":"^","stderr":true},"type":"standard_output"}
{"payload":{"local_timestamp":1744298432390,"message_id":100,"output":"^","stderr":true},"type":"standard_output"}
{"payload":{"local_timestamp":1744298432392,"message_id":101,"output":"^","stderr":true},"type":"standard_output"}
{"payload":{"local_timestamp":1744298432392,"message_id":102,"output":"^","stderr":true},"type":"standard_output"}
{"payload":{"local_timestamp":1744298432392,"message_id":103,"output":"^","stderr":true},"type":"standard_output"}
{"payload":{"local_timestamp":1744298432392,"message_id":104,"output":"^","stderr":true},"type":"standard_output"}
{"payload":{"local_timestamp":1744298432392,"message_id":105,"output":"^","stderr":true},"type":"standard_output"}
{"payload":{"local_timestamp":1744298432392,"message_id":106,"output":"^","stderr":true},"type":"standard_output"}
{"payload":{"local_timestamp":1744298432392,"message_id":107,"output":"^","stderr":true},"type":"standard_output"}
{"payload":{"local_timestamp":1744298432392,"message_id":108,"output":"^","stderr":true},"type":"standard_output"}
{"payload":{"local_timestamp":1744298432392,"message_id":109,"output":"^","stderr":true},"type":"standard_output"}
{"payload":{"local_timestamp":1744298432392,"message_id":110,"output":"^","stderr":true},"type":"standard_output"}
{"payload":{"local_timestamp":1744298432392,"message_id":111,"output":"^","stderr":true},"type":"standard_output"}
{"payload":{"local_timestamp":1744298432392,"message_id":112,"output":"\n","stderr":true},"type":"standard_output"}
{"payload":{"local_timestamp":1744298432392,"message_id":113,"output":"  File \"c:\\Users\\aurel\\Documents\\GitHub\\Convolutional_Neural_Network\\Yolo\\yolov5\\utils\\loggers\\comet\\__init__.py\", line 100, in __init__\n","stderr":true},"type":"standard_output"}
{"payload":{"local_timestamp":1744298432393,"message_id":114,"output":"    ","stderr":true},"type":"standard_output"}
{"payload":{"local_timestamp":1744298432393,"message_id":115,"output":"self.data_dict = self.check_dataset(self.opt.data)","stderr":true},"type":"standard_output"}
{"payload":{"local_timestamp":1744298432393,"message_id":116,"output":"\n","stderr":true},"type":"standard_output"}
{"payload":{"local_timestamp":1744298432393,"message_id":117,"output":" ","stderr":true},"type":"standard_output"}
{"payload":{"local_timestamp":1744298432393,"message_id":118,"output":" ","stderr":true},"type":"standard_output"}
{"payload":{"local_timestamp":1744298432393,"message_id":119,"output":" ","stderr":true},"type":"standard_output"}
{"payload":{"local_timestamp":1744298432393,"message_id":120,"output":" ","stderr":true},"type":"standard_output"}
{"payload":{"local_timestamp":1744298432393,"message_id":121,"output":" ","stderr":true},"type":"standard_output"}
{"payload":{"local_timestamp":1744298432395,"message_id":122,"output":" ","stderr":true},"type":"standard_output"}
{"payload":{"local_timestamp":1744298432395,"message_id":123,"output":" ","stderr":true},"type":"standard_output"}
{"payload":{"local_timestamp":1744298432395,"message_id":124,"output":" ","stderr":true},"type":"standard_output"}
{"payload":{"local_timestamp":1744298432395,"message_id":125,"output":" ","stderr":true},"type":"standard_output"}
{"payload":{"local_timestamp":1744298432395,"message_id":126,"output":" ","stderr":true},"type":"standard_output"}
{"payload":{"local_timestamp":1744298432395,"message_id":127,"output":" ","stderr":true},"type":"standard_output"}
{"payload":{"local_timestamp":1744298432395,"message_id":128,"output":" ","stderr":true},"type":"standard_output"}
{"payload":{"local_timestamp":1744298432395,"message_id":129,"output":" ","stderr":true},"type":"standard_output"}
{"payload":{"local_timestamp":1744298432395,"message_id":130,"output":" ","stderr":true},"type":"standard_output"}
{"payload":{"local_timestamp":1744298432395,"message_id":131,"output":" ","stderr":true},"type":"standard_output"}
{"payload":{"local_timestamp":1744298432395,"message_id":132,"output":" ","stderr":true},"type":"standard_output"}
{"payload":{"local_timestamp":1744298432395,"message_id":133,"output":" ","stderr":true},"type":"standard_output"}
{"payload":{"local_timestamp":1744298432395,"message_id":134,"output":" ","stderr":true},"type":"standard_output"}
{"payload":{"local_timestamp":1744298432396,"message_id":135,"output":" ","stderr":true},"type":"standard_output"}
{"payload":{"local_timestamp":1744298432396,"message_id":136,"output":" ","stderr":true},"type":"standard_output"}
{"payload":{"local_timestamp":1744298432396,"message_id":137,"output":" ","stderr":true},"type":"standard_output"}
{"payload":{"local_timestamp":1744298432396,"message_id":138,"output":"^","stderr":true},"type":"standard_output"}
{"payload":{"local_timestamp":1744298432397,"message_id":139,"output":"^","stderr":true},"type":"standard_output"}
{"payload":{"local_timestamp":1744298432397,"message_id":140,"output":"^","stderr":true},"type":"standard_output"}
{"payload":{"local_timestamp":1744298432397,"message_id":141,"output":"^","stderr":true},"type":"standard_output"}
{"payload":{"local_timestamp":1744298432397,"message_id":142,"output":"^","stderr":true},"type":"standard_output"}
{"payload":{"local_timestamp":1744298432398,"message_id":143,"output":"^","stderr":true},"type":"standard_output"}
{"payload":{"local_timestamp":1744298432398,"message_id":144,"output":"^","stderr":true},"type":"standard_output"}
{"payload":{"local_timestamp":1744298432398,"message_id":145,"output":"^","stderr":true},"type":"standard_output"}
{"payload":{"local_timestamp":1744298432398,"message_id":146,"output":"^","stderr":true},"type":"standard_output"}
{"payload":{"local_timestamp":1744298432398,"message_id":147,"output":"^","stderr":true},"type":"standard_output"}
{"payload":{"local_timestamp":1744298432398,"message_id":148,"output":"^","stderr":true},"type":"standard_output"}
{"payload":{"local_timestamp":1744298432398,"message_id":149,"output":"^","stderr":true},"type":"standard_output"}
{"payload":{"local_timestamp":1744298432398,"message_id":150,"output":"^","stderr":true},"type":"standard_output"}
{"payload":{"local_timestamp":1744298432398,"message_id":151,"output":"^","stderr":true},"type":"standard_output"}
{"payload":{"local_timestamp":1744298432398,"message_id":152,"output":"^","stderr":true},"type":"standard_output"}
{"payload":{"local_timestamp":1744298432398,"message_id":153,"output":"^","stderr":true},"type":"standard_output"}
{"payload":{"local_timestamp":1744298432398,"message_id":154,"output":"^","stderr":true},"type":"standard_output"}
{"payload":{"local_timestamp":1744298432398,"message_id":155,"output":"^","stderr":true},"type":"standard_output"}
{"payload":{"local_timestamp":1744298432398,"message_id":156,"output":"^","stderr":true},"type":"standard_output"}
{"payload":{"local_timestamp":1744298432398,"message_id":157,"output":"^","stderr":true},"type":"standard_output"}
{"payload":{"local_timestamp":1744298432398,"message_id":158,"output":"^","stderr":true},"type":"standard_output"}
{"payload":{"local_timestamp":1744298432398,"message_id":159,"output":"^","stderr":true},"type":"standard_output"}
{"payload":{"local_timestamp":1744298432398,"message_id":160,"output":"^","stderr":true},"type":"standard_output"}
{"payload":{"local_timestamp":1744298432398,"message_id":161,"output":"^","stderr":true},"type":"standard_output"}
{"payload":{"local_timestamp":1744298432398,"message_id":162,"output":"^","stderr":true},"type":"standard_output"}
{"payload":{"local_timestamp":1744298432398,"message_id":163,"output":"^","stderr":true},"type":"standard_output"}
{"payload":{"local_timestamp":1744298432398,"message_id":164,"output":"^","stderr":true},"type":"standard_output"}
{"payload":{"local_timestamp":1744298432399,"message_id":165,"output":"^","stderr":true},"type":"standard_output"}
{"payload":{"local_timestamp":1744298432399,"message_id":166,"output":"^","stderr":true},"type":"standard_output"}
{"payload":{"local_timestamp":1744298432399,"message_id":167,"output":"^","stderr":true},"type":"standard_output"}
{"payload":{"local_timestamp":1744298432399,"message_id":168,"output":"^","stderr":true},"type":"standard_output"}
{"payload":{"local_timestamp":1744298432399,"message_id":169,"output":"^","stderr":true},"type":"standard_output"}
{"payload":{"local_timestamp":1744298432399,"message_id":170,"output":"^","stderr":true},"type":"standard_output"}
{"payload":{"local_timestamp":1744298432399,"message_id":171,"output":"\n","stderr":true},"type":"standard_output"}
{"payload":{"local_timestamp":1744298432400,"message_id":172,"output":"  File \"c:\\Users\\aurel\\Documents\\GitHub\\Convolutional_Neural_Network\\Yolo\\yolov5\\utils\\loggers\\comet\\__init__.py\", line 250, in check_dataset\n","stderr":true},"type":"standard_output"}
{"payload":{"local_timestamp":1744298432400,"message_id":173,"output":"    ","stderr":true},"type":"standard_output"}
{"payload":{"local_timestamp":1744298432401,"message_id":174,"output":"data_config = yaml.safe_load(f)","stderr":true},"type":"standard_output"}
{"payload":{"local_timestamp":1744298432401,"message_id":175,"output":"\n","stderr":true},"type":"standard_output"}
{"payload":{"local_timestamp":1744298432401,"message_id":176,"output":" ","stderr":true},"type":"standard_output"}
{"payload":{"local_timestamp":1744298432402,"message_id":177,"output":" ","stderr":true},"type":"standard_output"}
{"payload":{"local_timestamp":1744298432402,"message_id":178,"output":" ","stderr":true},"type":"standard_output"}
{"payload":{"local_timestamp":1744298432402,"message_id":179,"output":" ","stderr":true},"type":"standard_output"}
{"payload":{"local_timestamp":1744298432402,"message_id":180,"output":" ","stderr":true},"type":"standard_output"}
{"payload":{"local_timestamp":1744298432402,"message_id":181,"output":" ","stderr":true},"type":"standard_output"}
{"payload":{"local_timestamp":1744298432402,"message_id":182,"output":" ","stderr":true},"type":"standard_output"}
{"payload":{"local_timestamp":1744298432402,"message_id":183,"output":" ","stderr":true},"type":"standard_output"}
{"payload":{"local_timestamp":1744298432402,"message_id":184,"output":" ","stderr":true},"type":"standard_output"}
{"payload":{"local_timestamp":1744298432402,"message_id":185,"output":" ","stderr":true},"type":"standard_output"}
{"payload":{"local_timestamp":1744298432402,"message_id":186,"output":" ","stderr":true},"type":"standard_output"}
{"payload":{"local_timestamp":1744298432402,"message_id":187,"output":" ","stderr":true},"type":"standard_output"}
{"payload":{"local_timestamp":1744298432402,"message_id":188,"output":" ","stderr":true},"type":"standard_output"}
{"payload":{"local_timestamp":1744298432402,"message_id":189,"output":" ","stderr":true},"type":"standard_output"}
{"payload":{"local_timestamp":1744298432402,"message_id":190,"output":" ","stderr":true},"type":"standard_output"}
{"payload":{"local_timestamp":1744298432403,"message_id":191,"output":" ","stderr":true},"type":"standard_output"}
{"payload":{"local_timestamp":1744298432403,"message_id":192,"output":" ","stderr":true},"type":"standard_output"}
{"payload":{"local_timestamp":1744298432403,"message_id":193,"output":" ","stderr":true},"type":"standard_output"}
{"payload":{"local_timestamp":1744298432403,"message_id":194,"output":"^","stderr":true},"type":"standard_output"}
{"payload":{"local_timestamp":1744298432403,"message_id":195,"output":"^","stderr":true},"type":"standard_output"}
{"payload":{"local_timestamp":1744298432403,"message_id":196,"output":"^","stderr":true},"type":"standard_output"}
{"payload":{"local_timestamp":1744298432403,"message_id":197,"output":"^","stderr":true},"type":"standard_output"}
{"payload":{"local_timestamp":1744298432403,"message_id":198,"output":"^","stderr":true},"type":"standard_output"}
{"payload":{"local_timestamp":1744298432403,"message_id":199,"output":"^","stderr":true},"type":"standard_output"}
{"payload":{"local_timestamp":1744298432403,"message_id":200,"output":"^","stderr":true},"type":"standard_output"}
{"payload":{"local_timestamp":1744298432404,"message_id":201,"output":"^","stderr":true},"type":"standard_output"}
{"payload":{"local_timestamp":1744298432404,"message_id":202,"output":"^","stderr":true},"type":"standard_output"}
{"payload":{"local_timestamp":1744298432404,"message_id":203,"output":"^","stderr":true},"type":"standard_output"}
{"payload":{"local_timestamp":1744298432404,"message_id":204,"output":"^","stderr":true},"type":"standard_output"}
{"payload":{"local_timestamp":1744298432404,"message_id":205,"output":"^","stderr":true},"type":"standard_output"}
{"payload":{"local_timestamp":1744298432404,"message_id":206,"output":"^","stderr":true},"type":"standard_output"}
{"payload":{"local_timestamp":1744298432404,"message_id":207,"output":"^","stderr":true},"type":"standard_output"}
{"payload":{"local_timestamp":1744298432404,"message_id":208,"output":"^","stderr":true},"type":"standard_output"}
{"payload":{"local_timestamp":1744298432404,"message_id":209,"output":"^","stderr":true},"type":"standard_output"}
{"payload":{"local_timestamp":1744298432404,"message_id":210,"output":"^","stderr":true},"type":"standard_output"}
{"payload":{"local_timestamp":1744298432404,"message_id":211,"output":"\n","stderr":true},"type":"standard_output"}
{"payload":{"local_timestamp":1744298432404,"message_id":212,"output":"  File \"c:\\Users\\aurel\\AppData\\Local\\Programs\\Python\\Python312\\Lib\\site-packages\\yaml\\__init__.py\", line 125, in safe_load\n","stderr":true},"type":"standard_output"}
{"payload":{"local_timestamp":1744298432405,"message_id":213,"output":"    ","stderr":true},"type":"standard_output"}
{"payload":{"local_timestamp":1744298432405,"message_id":214,"output":"return load(stream, SafeLoader)","stderr":true},"type":"standard_output"}
{"payload":{"local_timestamp":1744298432405,"message_id":215,"output":"\n","stderr":true},"type":"standard_output"}
{"payload":{"local_timestamp":1744298432405,"message_id":216,"output":" ","stderr":true},"type":"standard_output"}
{"payload":{"local_timestamp":1744298432405,"message_id":217,"output":" ","stderr":true},"type":"standard_output"}
{"payload":{"local_timestamp":1744298432405,"message_id":218,"output":" ","stderr":true},"type":"standard_output"}
{"payload":{"local_timestamp":1744298432405,"message_id":219,"output":" ","stderr":true},"type":"standard_output"}
{"payload":{"local_timestamp":1744298432405,"message_id":220,"output":" ","stderr":true},"type":"standard_output"}
{"payload":{"local_timestamp":1744298432405,"message_id":221,"output":" ","stderr":true},"type":"standard_output"}
{"payload":{"local_timestamp":1744298432405,"message_id":222,"output":" ","stderr":true},"type":"standard_output"}
{"payload":{"local_timestamp":1744298432405,"message_id":223,"output":" ","stderr":true},"type":"standard_output"}
{"payload":{"local_timestamp":1744298432405,"message_id":224,"output":" ","stderr":true},"type":"standard_output"}
{"payload":{"local_timestamp":1744298432405,"message_id":225,"output":" ","stderr":true},"type":"standard_output"}
{"payload":{"local_timestamp":1744298432405,"message_id":226,"output":" ","stderr":true},"type":"standard_output"}
{"payload":{"local_timestamp":1744298432405,"message_id":227,"output":"^","stderr":true},"type":"standard_output"}
{"payload":{"local_timestamp":1744298432405,"message_id":228,"output":"^","stderr":true},"type":"standard_output"}
{"payload":{"local_timestamp":1744298432405,"message_id":229,"output":"^","stderr":true},"type":"standard_output"}
{"payload":{"local_timestamp":1744298432405,"message_id":230,"output":"^","stderr":true},"type":"standard_output"}
{"payload":{"local_timestamp":1744298432405,"message_id":231,"output":"^","stderr":true},"type":"standard_output"}
{"payload":{"local_timestamp":1744298432405,"message_id":232,"output":"^","stderr":true},"type":"standard_output"}
{"payload":{"local_timestamp":1744298432405,"message_id":233,"output":"^","stderr":true},"type":"standard_output"}
{"payload":{"local_timestamp":1744298432405,"message_id":234,"output":"^","stderr":true},"type":"standard_output"}
{"payload":{"local_timestamp":1744298432405,"message_id":235,"output":"^","stderr":true},"type":"standard_output"}
{"payload":{"local_timestamp":1744298432405,"message_id":236,"output":"^","stderr":true},"type":"standard_output"}
{"payload":{"local_timestamp":1744298432405,"message_id":237,"output":"^","stderr":true},"type":"standard_output"}
{"payload":{"local_timestamp":1744298432405,"message_id":238,"output":"^","stderr":true},"type":"standard_output"}
{"payload":{"local_timestamp":1744298432405,"message_id":239,"output":"^","stderr":true},"type":"standard_output"}
{"payload":{"local_timestamp":1744298432406,"message_id":240,"output":"^","stderr":true},"type":"standard_output"}
{"payload":{"local_timestamp":1744298432406,"message_id":241,"output":"^","stderr":true},"type":"standard_output"}
{"payload":{"local_timestamp":1744298432406,"message_id":242,"output":"^","stderr":true},"type":"standard_output"}
{"payload":{"local_timestamp":1744298432406,"message_id":243,"output":"^","stderr":true},"type":"standard_output"}
{"payload":{"local_timestamp":1744298432406,"message_id":244,"output":"^","stderr":true},"type":"standard_output"}
{"payload":{"local_timestamp":1744298432406,"message_id":245,"output":"^","stderr":true},"type":"standard_output"}
{"payload":{"local_timestamp":1744298432406,"message_id":246,"output":"^","stderr":true},"type":"standard_output"}
{"payload":{"local_timestamp":1744298432406,"message_id":247,"output":"^","stderr":true},"type":"standard_output"}
{"payload":{"local_timestamp":1744298432406,"message_id":248,"output":"^","stderr":true},"type":"standard_output"}
{"payload":{"local_timestamp":1744298432406,"message_id":249,"output":"^","stderr":true},"type":"standard_output"}
{"payload":{"local_timestamp":1744298432408,"message_id":250,"output":"^","stderr":true},"type":"standard_output"}
{"payload":{"local_timestamp":1744298432408,"message_id":251,"output":"\n","stderr":true},"type":"standard_output"}
{"payload":{"local_timestamp":1744298432408,"message_id":252,"output":"  File \"c:\\Users\\aurel\\AppData\\Local\\Programs\\Python\\Python312\\Lib\\site-packages\\yaml\\__init__.py\", line 79, in load\n","stderr":true},"type":"standard_output"}
{"payload":{"local_timestamp":1744298432409,"message_id":253,"output":"    ","stderr":true},"type":"standard_output"}
{"payload":{"local_timestamp":1744298432409,"message_id":254,"output":"loader = Loader(stream)","stderr":true},"type":"standard_output"}
{"payload":{"local_timestamp":1744298432409,"message_id":255,"output":"\n","stderr":true},"type":"standard_output"}
{"payload":{"local_timestamp":1744298432409,"message_id":256,"output":" ","stderr":true},"type":"standard_output"}
{"payload":{"local_timestamp":1744298432409,"message_id":257,"output":" ","stderr":true},"type":"standard_output"}
{"payload":{"local_timestamp":1744298432409,"message_id":258,"output":" ","stderr":true},"type":"standard_output"}
{"payload":{"local_timestamp":1744298432409,"message_id":259,"output":" ","stderr":true},"type":"standard_output"}
{"payload":{"local_timestamp":1744298432409,"message_id":260,"output":" ","stderr":true},"type":"standard_output"}
{"payload":{"local_timestamp":1744298432409,"message_id":261,"output":" ","stderr":true},"type":"standard_output"}
{"payload":{"local_timestamp":1744298432409,"message_id":262,"output":" ","stderr":true},"type":"standard_output"}
{"payload":{"local_timestamp":1744298432409,"message_id":263,"output":" ","stderr":true},"type":"standard_output"}
{"payload":{"local_timestamp":1744298432410,"message_id":264,"output":" ","stderr":true},"type":"standard_output"}
{"payload":{"local_timestamp":1744298432410,"message_id":265,"output":" ","stderr":true},"type":"standard_output"}
{"payload":{"local_timestamp":1744298432410,"message_id":266,"output":" ","stderr":true},"type":"standard_output"}
{"payload":{"local_timestamp":1744298432410,"message_id":267,"output":" ","stderr":true},"type":"standard_output"}
{"payload":{"local_timestamp":1744298432410,"message_id":268,"output":" ","stderr":true},"type":"standard_output"}
{"payload":{"local_timestamp":1744298432410,"message_id":269,"output":"^","stderr":true},"type":"standard_output"}
{"payload":{"local_timestamp":1744298432410,"message_id":270,"output":"^","stderr":true},"type":"standard_output"}
{"payload":{"local_timestamp":1744298432410,"message_id":271,"output":"^","stderr":true},"type":"standard_output"}
{"payload":{"local_timestamp":1744298432410,"message_id":272,"output":"^","stderr":true},"type":"standard_output"}
{"payload":{"local_timestamp":1744298432410,"message_id":273,"output":"^","stderr":true},"type":"standard_output"}
{"payload":{"local_timestamp":1744298432410,"message_id":274,"output":"^","stderr":true},"type":"standard_output"}
{"payload":{"local_timestamp":1744298432410,"message_id":275,"output":"^","stderr":true},"type":"standard_output"}
{"payload":{"local_timestamp":1744298432410,"message_id":276,"output":"^","stderr":true},"type":"standard_output"}
{"payload":{"local_timestamp":1744298432410,"message_id":277,"output":"^","stderr":true},"type":"standard_output"}
{"payload":{"local_timestamp":1744298432410,"message_id":278,"output":"^","stderr":true},"type":"standard_output"}
{"payload":{"local_timestamp":1744298432410,"message_id":279,"output":"^","stderr":true},"type":"standard_output"}
{"payload":{"local_timestamp":1744298432410,"message_id":280,"output":"^","stderr":true},"type":"standard_output"}
{"payload":{"local_timestamp":1744298432411,"message_id":281,"output":"^","stderr":true},"type":"standard_output"}
{"payload":{"local_timestamp":1744298432411,"message_id":282,"output":"^","stderr":true},"type":"standard_output"}
{"payload":{"local_timestamp":1744298432411,"message_id":283,"output":"\n","stderr":true},"type":"standard_output"}
{"payload":{"local_timestamp":1744298432411,"message_id":284,"output":"  File \"c:\\Users\\aurel\\AppData\\Local\\Programs\\Python\\Python312\\Lib\\site-packages\\yaml\\loader.py\", line 34, in __init__\n","stderr":true},"type":"standard_output"}
{"payload":{"local_timestamp":1744298432412,"message_id":285,"output":"    ","stderr":true},"type":"standard_output"}
{"payload":{"local_timestamp":1744298432412,"message_id":286,"output":"Reader.__init__(self, stream)","stderr":true},"type":"standard_output"}
{"payload":{"local_timestamp":1744298432412,"message_id":287,"output":"\n","stderr":true},"type":"standard_output"}
{"payload":{"local_timestamp":1744298432412,"message_id":288,"output":"  File \"c:\\Users\\aurel\\AppData\\Local\\Programs\\Python\\Python312\\Lib\\site-packages\\yaml\\reader.py\", line 85, in __init__\n","stderr":true},"type":"standard_output"}
{"payload":{"local_timestamp":1744298432414,"message_id":289,"output":"    ","stderr":true},"type":"standard_output"}
{"payload":{"local_timestamp":1744298432414,"message_id":290,"output":"self.determine_encoding()","stderr":true},"type":"standard_output"}
{"payload":{"local_timestamp":1744298432414,"message_id":291,"output":"\n","stderr":true},"type":"standard_output"}
{"payload":{"local_timestamp":1744298432414,"message_id":292,"output":"  File \"c:\\Users\\aurel\\AppData\\Local\\Programs\\Python\\Python312\\Lib\\site-packages\\yaml\\reader.py\", line 124, in determine_encoding\n","stderr":true},"type":"standard_output"}
{"payload":{"local_timestamp":1744298432414,"message_id":293,"output":"    ","stderr":true},"type":"standard_output"}
{"payload":{"local_timestamp":1744298432414,"message_id":294,"output":"self.update_raw()","stderr":true},"type":"standard_output"}
{"payload":{"local_timestamp":1744298432414,"message_id":295,"output":"\n","stderr":true},"type":"standard_output"}
{"payload":{"local_timestamp":1744298432414,"message_id":296,"output":"  File \"c:\\Users\\aurel\\AppData\\Local\\Programs\\Python\\Python312\\Lib\\site-packages\\yaml\\reader.py\", line 178, in update_raw\n","stderr":true},"type":"standard_output"}
{"payload":{"local_timestamp":1744298432414,"message_id":297,"output":"    ","stderr":true},"type":"standard_output"}
{"payload":{"local_timestamp":1744298432414,"message_id":298,"output":"data = self.stream.read(size)","stderr":true},"type":"standard_output"}
{"payload":{"local_timestamp":1744298432414,"message_id":299,"output":"\n","stderr":true},"type":"standard_output"}
{"payload":{"local_timestamp":1744298432414,"message_id":300,"output":" ","stderr":true},"type":"standard_output"}
{"payload":{"local_timestamp":1744298432414,"message_id":301,"output":" ","stderr":true},"type":"standard_output"}
{"payload":{"local_timestamp":1744298432414,"message_id":302,"output":" ","stderr":true},"type":"standard_output"}
{"payload":{"local_timestamp":1744298432414,"message_id":303,"output":" ","stderr":true},"type":"standard_output"}
{"payload":{"local_timestamp":1744298432414,"message_id":304,"output":" ","stderr":true},"type":"standard_output"}
{"payload":{"local_timestamp":1744298432416,"message_id":305,"output":" ","stderr":true},"type":"standard_output"}
{"payload":{"local_timestamp":1744298432416,"message_id":306,"output":" ","stderr":true},"type":"standard_output"}
{"payload":{"local_timestamp":1744298432416,"message_id":307,"output":" ","stderr":true},"type":"standard_output"}
{"payload":{"local_timestamp":1744298432416,"message_id":308,"output":" ","stderr":true},"type":"standard_output"}
{"payload":{"local_timestamp":1744298432417,"message_id":309,"output":" ","stderr":true},"type":"standard_output"}
{"payload":{"local_timestamp":1744298432417,"message_id":310,"output":" ","stderr":true},"type":"standard_output"}
{"payload":{"local_timestamp":1744298432417,"message_id":311,"output":"^","stderr":true},"type":"standard_output"}
{"payload":{"local_timestamp":1744298432417,"message_id":312,"output":"^","stderr":true},"type":"standard_output"}
{"payload":{"local_timestamp":1744298432417,"message_id":313,"output":"^","stderr":true},"type":"standard_output"}
{"payload":{"local_timestamp":1744298432417,"message_id":314,"output":"^","stderr":true},"type":"standard_output"}
{"payload":{"local_timestamp":1744298432417,"message_id":315,"output":"^","stderr":true},"type":"standard_output"}
{"payload":{"local_timestamp":1744298432417,"message_id":316,"output":"^","stderr":true},"type":"standard_output"}
{"payload":{"local_timestamp":1744298432418,"message_id":317,"output":"^","stderr":true},"type":"standard_output"}
{"payload":{"local_timestamp":1744298432418,"message_id":318,"output":"^","stderr":true},"type":"standard_output"}
{"payload":{"local_timestamp":1744298432418,"message_id":319,"output":"^","stderr":true},"type":"standard_output"}
{"payload":{"local_timestamp":1744298432418,"message_id":320,"output":"^","stderr":true},"type":"standard_output"}
{"payload":{"local_timestamp":1744298432418,"message_id":321,"output":"^","stderr":true},"type":"standard_output"}
{"payload":{"local_timestamp":1744298432418,"message_id":322,"output":"^","stderr":true},"type":"standard_output"}
{"payload":{"local_timestamp":1744298432418,"message_id":323,"output":"^","stderr":true},"type":"standard_output"}
{"payload":{"local_timestamp":1744298432418,"message_id":324,"output":"^","stderr":true},"type":"standard_output"}
{"payload":{"local_timestamp":1744298432418,"message_id":325,"output":"^","stderr":true},"type":"standard_output"}
{"payload":{"local_timestamp":1744298432418,"message_id":326,"output":"^","stderr":true},"type":"standard_output"}
{"payload":{"local_timestamp":1744298432418,"message_id":327,"output":"^","stderr":true},"type":"standard_output"}
{"payload":{"local_timestamp":1744298432418,"message_id":328,"output":"^","stderr":true},"type":"standard_output"}
{"payload":{"local_timestamp":1744298432418,"message_id":329,"output":"^","stderr":true},"type":"standard_output"}
{"payload":{"local_timestamp":1744298432418,"message_id":330,"output":"^","stderr":true},"type":"standard_output"}
{"payload":{"local_timestamp":1744298432419,"message_id":331,"output":"^","stderr":true},"type":"standard_output"}
{"payload":{"local_timestamp":1744298432419,"message_id":332,"output":"^","stderr":true},"type":"standard_output"}
{"payload":{"local_timestamp":1744298432419,"message_id":333,"output":"\n","stderr":true},"type":"standard_output"}
{"payload":{"local_timestamp":1744298432419,"message_id":334,"output":"  File \"c:\\Users\\aurel\\AppData\\Local\\Programs\\Python\\Python312\\Lib\\encodings\\cp1252.py\", line 23, in decode\n","stderr":true},"type":"standard_output"}
{"payload":{"local_timestamp":1744298432420,"message_id":335,"output":"    ","stderr":true},"type":"standard_output"}
{"payload":{"local_timestamp":1744298432420,"message_id":336,"output":"return codecs.charmap_decode(input,self.errors,decoding_table)[0]","stderr":true},"type":"standard_output"}
{"payload":{"local_timestamp":1744298432420,"message_id":337,"output":"\n","stderr":true},"type":"standard_output"}
{"payload":{"local_timestamp":1744298432420,"message_id":338,"output":" ","stderr":true},"type":"standard_output"}
{"payload":{"local_timestamp":1744298432420,"message_id":339,"output":" ","stderr":true},"type":"standard_output"}
{"payload":{"local_timestamp":1744298432420,"message_id":340,"output":" ","stderr":true},"type":"standard_output"}
{"payload":{"local_timestamp":1744298432420,"message_id":341,"output":" ","stderr":true},"type":"standard_output"}
{"payload":{"local_timestamp":1744298432420,"message_id":342,"output":" ","stderr":true},"type":"standard_output"}
{"payload":{"local_timestamp":1744298432420,"message_id":343,"output":" ","stderr":true},"type":"standard_output"}
{"payload":{"local_timestamp":1744298432420,"message_id":344,"output":" ","stderr":true},"type":"standard_output"}
{"payload":{"local_timestamp":1744298432420,"message_id":345,"output":" ","stderr":true},"type":"standard_output"}
{"payload":{"local_timestamp":1744298432421,"message_id":346,"output":" ","stderr":true},"type":"standard_output"}
{"payload":{"local_timestamp":1744298432421,"message_id":347,"output":" ","stderr":true},"type":"standard_output"}
{"payload":{"local_timestamp":1744298432422,"message_id":348,"output":" ","stderr":true},"type":"standard_output"}
{"payload":{"local_timestamp":1744298432422,"message_id":349,"output":"^","stderr":true},"type":"standard_output"}
{"payload":{"local_timestamp":1744298432422,"message_id":350,"output":"^","stderr":true},"type":"standard_output"}
{"payload":{"local_timestamp":1744298432422,"message_id":351,"output":"^","stderr":true},"type":"standard_output"}
{"payload":{"local_timestamp":1744298432422,"message_id":352,"output":"^","stderr":true},"type":"standard_output"}
{"payload":{"local_timestamp":1744298432422,"message_id":353,"output":"^","stderr":true},"type":"standard_output"}
{"payload":{"local_timestamp":1744298432422,"message_id":354,"output":"^","stderr":true},"type":"standard_output"}
{"payload":{"local_timestamp":1744298432422,"message_id":355,"output":"^","stderr":true},"type":"standard_output"}
{"payload":{"local_timestamp":1744298432422,"message_id":356,"output":"^","stderr":true},"type":"standard_output"}
{"payload":{"local_timestamp":1744298432422,"message_id":357,"output":"^","stderr":true},"type":"standard_output"}
{"payload":{"local_timestamp":1744298432422,"message_id":358,"output":"^","stderr":true},"type":"standard_output"}
{"payload":{"local_timestamp":1744298432422,"message_id":359,"output":"^","stderr":true},"type":"standard_output"}
{"payload":{"local_timestamp":1744298432422,"message_id":360,"output":"^","stderr":true},"type":"standard_output"}
{"payload":{"local_timestamp":1744298432422,"message_id":361,"output":"^","stderr":true},"type":"standard_output"}
{"payload":{"local_timestamp":1744298432422,"message_id":362,"output":"^","stderr":true},"type":"standard_output"}
{"payload":{"local_timestamp":1744298432422,"message_id":363,"output":"^","stderr":true},"type":"standard_output"}
{"payload":{"local_timestamp":1744298432422,"message_id":364,"output":"^","stderr":true},"type":"standard_output"}
{"payload":{"local_timestamp":1744298432422,"message_id":365,"output":"^","stderr":true},"type":"standard_output"}
{"payload":{"local_timestamp":1744298432422,"message_id":366,"output":"^","stderr":true},"type":"standard_output"}
{"payload":{"local_timestamp":1744298432422,"message_id":367,"output":"^","stderr":true},"type":"standard_output"}
{"payload":{"local_timestamp":1744298432422,"message_id":368,"output":"^","stderr":true},"type":"standard_output"}
{"payload":{"local_timestamp":1744298432422,"message_id":369,"output":"^","stderr":true},"type":"standard_output"}
{"payload":{"local_timestamp":1744298432422,"message_id":370,"output":"^","stderr":true},"type":"standard_output"}
{"payload":{"local_timestamp":1744298432422,"message_id":371,"output":"^","stderr":true},"type":"standard_output"}
{"payload":{"local_timestamp":1744298432422,"message_id":372,"output":"^","stderr":true},"type":"standard_output"}
{"payload":{"local_timestamp":1744298432422,"message_id":373,"output":"^","stderr":true},"type":"standard_output"}
{"payload":{"local_timestamp":1744298432422,"message_id":374,"output":"^","stderr":true},"type":"standard_output"}
{"payload":{"local_timestamp":1744298432422,"message_id":375,"output":"^","stderr":true},"type":"standard_output"}
{"payload":{"local_timestamp":1744298432422,"message_id":376,"output":"^","stderr":true},"type":"standard_output"}
{"payload":{"local_timestamp":1744298432423,"message_id":377,"output":"^","stderr":true},"type":"standard_output"}
{"payload":{"local_timestamp":1744298432423,"message_id":378,"output":"^","stderr":true},"type":"standard_output"}
{"payload":{"local_timestamp":1744298432424,"message_id":379,"output":"^","stderr":true},"type":"standard_output"}
{"payload":{"local_timestamp":1744298432424,"message_id":380,"output":"^","stderr":true},"type":"standard_output"}
{"payload":{"local_timestamp":1744298432424,"message_id":381,"output":"^","stderr":true},"type":"standard_output"}
{"payload":{"local_timestamp":1744298432424,"message_id":382,"output":"^","stderr":true},"type":"standard_output"}
{"payload":{"local_timestamp":1744298432424,"message_id":383,"output":"^","stderr":true},"type":"standard_output"}
{"payload":{"local_timestamp":1744298432424,"message_id":384,"output":"^","stderr":true},"type":"standard_output"}
{"payload":{"local_timestamp":1744298432424,"message_id":385,"output":"^","stderr":true},"type":"standard_output"}
{"payload":{"local_timestamp":1744298432424,"message_id":386,"output":"^","stderr":true},"type":"standard_output"}
{"payload":{"local_timestamp":1744298432424,"message_id":387,"output":"^","stderr":true},"type":"standard_output"}
{"payload":{"local_timestamp":1744298432424,"message_id":388,"output":"^","stderr":true},"type":"standard_output"}
{"payload":{"local_timestamp":1744298432424,"message_id":389,"output":"^","stderr":true},"type":"standard_output"}
{"payload":{"local_timestamp":1744298432424,"message_id":390,"output":"^","stderr":true},"type":"standard_output"}
{"payload":{"local_timestamp":1744298432424,"message_id":391,"output":"^","stderr":true},"type":"standard_output"}
{"payload":{"local_timestamp":1744298432424,"message_id":392,"output":"^","stderr":true},"type":"standard_output"}
{"payload":{"local_timestamp":1744298432424,"message_id":393,"output":"^","stderr":true},"type":"standard_output"}
{"payload":{"local_timestamp":1744298432425,"message_id":394,"output":"^","stderr":true},"type":"standard_output"}
{"payload":{"local_timestamp":1744298432426,"message_id":395,"output":"^","stderr":true},"type":"standard_output"}
{"payload":{"local_timestamp":1744298432426,"message_id":396,"output":"^","stderr":true},"type":"standard_output"}
{"payload":{"local_timestamp":1744298432426,"message_id":397,"output":"^","stderr":true},"type":"standard_output"}
{"payload":{"local_timestamp":1744298432426,"message_id":398,"output":"^","stderr":true},"type":"standard_output"}
{"payload":{"local_timestamp":1744298432426,"message_id":399,"output":"^","stderr":true},"type":"standard_output"}
{"payload":{"local_timestamp":1744298432426,"message_id":400,"output":"^","stderr":true},"type":"standard_output"}
{"payload":{"local_timestamp":1744298432426,"message_id":401,"output":"^","stderr":true},"type":"standard_output"}
{"payload":{"local_timestamp":1744298432426,"message_id":402,"output":"^","stderr":true},"type":"standard_output"}
{"payload":{"local_timestamp":1744298432426,"message_id":403,"output":"^","stderr":true},"type":"standard_output"}
{"payload":{"local_timestamp":1744298432426,"message_id":404,"output":"\n","stderr":true},"type":"standard_output"}
{"payload":{"local_timestamp":1744298432426,"message_id":405,"output":"UnicodeDecodeError","stderr":true},"type":"standard_output"}
{"payload":{"local_timestamp":1744298432427,"message_id":406,"output":": ","stderr":true},"type":"standard_output"}
{"payload":{"local_timestamp":1744298432427,"message_id":407,"output":"'charmap' codec can't decode byte 0x90 in position 291: character maps to <undefined>","stderr":true},"type":"standard_output"}
{"payload":{"local_timestamp":1744298432427,"message_id":408,"output":"\n","stderr":true},"type":"standard_output"}
{"payload":{"local_timestamp":1744298432427,"message_id":409,"output":"COMET INFO: The process of logging environment details (conda environment, git patch) is underway. Please be patient as this may take some time.\n","stderr":true},"type":"standard_output"}
{"payload":{"git_metadata":{"branch":"refs/heads/Aurelien","origin":"https://github.com/Groulor/Convolutional_Neural_Network.git","parent":"3651542db5573e26eef9c209a6621520f7d1164f","repo_name":"Convolutional_Neural_Network","root":"36e8c6298cdc606b38e1c84813ac27b1f7eb3276","status":null,"user":"Musset Aurelien"},"message_id":410},"type":"git_metadata"}
{"payload":{"local_timestamp":1744298432462,"message_id":411,"output":"COMET INFO: ---------------------------------------------------------------------------------------\n","stderr":true},"type":"standard_output"}
{"payload":{"local_timestamp":1744298432462,"message_id":412,"output":"COMET INFO: Comet.ml OfflineExperiment Summary\n","stderr":true},"type":"standard_output"}
{"payload":{"local_timestamp":1744298432463,"message_id":413,"output":"COMET INFO: ---------------------------------------------------------------------------------------\n","stderr":true},"type":"standard_output"}
{"payload":{"local_timestamp":1744298432463,"message_id":414,"output":"COMET INFO:   Data:\n","stderr":true},"type":"standard_output"}
{"payload":{"local_timestamp":1744298432463,"message_id":415,"output":"COMET INFO:     display_summary_level : 1\n","stderr":true},"type":"standard_output"}
{"payload":{"local_timestamp":1744298432463,"message_id":416,"output":"COMET INFO:     name                  : exp\n","stderr":true},"type":"standard_output"}
{"payload":{"local_timestamp":1744298432463,"message_id":417,"output":"COMET INFO:     url                   : [OfflineExperiment will get URL after upload]\n","stderr":true},"type":"standard_output"}
{"payload":{"local_timestamp":1744298432463,"message_id":418,"output":"COMET INFO:   Others:\n","stderr":true},"type":"standard_output"}
{"payload":{"local_timestamp":1744298432463,"message_id":419,"output":"COMET INFO:     Name               : exp\n","stderr":true},"type":"standard_output"}
{"payload":{"local_timestamp":1744298432463,"message_id":420,"output":"COMET INFO:     offline_experiment : True\n","stderr":true},"type":"standard_output"}
{"payload":{"local_timestamp":1744298432464,"message_id":421,"output":"COMET INFO:   Uploads:\n","stderr":true},"type":"standard_output"}
{"payload":{"local_timestamp":1744298432464,"message_id":422,"output":"COMET INFO:     environment details : 1\n","stderr":true},"type":"standard_output"}
{"payload":{"local_timestamp":1744298432464,"message_id":423,"output":"COMET INFO:     git metadata        : 1\n","stderr":true},"type":"standard_output"}
{"payload":{"local_timestamp":1744298432464,"message_id":424,"output":"COMET INFO:     installed packages  : 1\n","stderr":true},"type":"standard_output"}
{"payload":{"local_timestamp":1744298432464,"message_id":425,"output":"COMET INFO: \n","stderr":true},"type":"standard_output"}
{"payload":{"local_timestamp":1744298432464,"message_id":426,"metric":{"epoch":null,"metricName":"process duration","metricValue":4,"step":null}},"type":"metric_msg"}
